id,artwork_name,cafe_location,material,dimensions,price_eur,price_tl,category,artist,status,image_url,description
1,AKHILLEUS (AŞİL),Sol Duvar,"Mermer, Taş, Cam",72*40,500,25000,Mozaik,ALAN Art Studio,active,,
2,ANTİK KADIN FİGÜRÜ,Sol Duvar,"Doğal taş, Taş",39*39,120,6000,Mozaik,ALAN Art Studio,active,,
3,NİKE 1,Sol Duvar,"Mermer, Kum",36*30,150,7500,Mozaik,ALAN Art Studio,active,,Bodrum kumu ile mermer mozaik.
4,NİKE 2,Sol Duvar,"Mermer, Kum",50*40,150,7500,Mozaik,ALAN Art Studio,active,,Bodrum kumu ile mermer mozaik.
5,NİKE 3,Sol Duvar,"Mermer, Kum",50*41,200,10000,Mozaik,ALAN Art Studio,active,,Bodrum kumu ile mermer mozaik.
6,MOZAİK ÜZÜM,Sol Duvar,Mermer,42*30,100,5000,Mozaik,ALAN Art Studio,active,,
7,KEM GÖZ MOZAİĞİ 1,Sol Duvar,Doğal Malzeme,40*30,150,7500,Mozaik,ALAN Art Studio,active,,“Kaicy” MS.2.YY Antik dönemin bir nevi nazar boncuğu.
8,KEM GÖZ MOZAİĞİ 2,Sol Duvar,Doğal Malzeme,30*20,60,3000,Mozaik,ALAN Art Studio,active,,“Kaicy” MS.2.YY Antik dönemin bir nevi nazar boncuğu.
9,POSEİDON MIZRAĞI VE EROS YUNUSU,Sol Duvar,Mermer,42*20,100,5000,Mozaik,ALAN Art Studio,active,,
10,YE-İÇ-EĞLEN-MUTLU OL-HAYATINI YAŞA,Sol Duvar,Taş,,0,0,Mozaik,ALAN Art Studio,active,,
11,THALEİA (THALİA),Sol Duvar,"Doğal taş, Taş, Cam",34*40,130,6500,Mozaik,ALAN Art Studio,active,,
12,ÇİNGENE KIZ 1,Sol Duvar,Taş,40*30,100,5000,Mozaik,ALAN Art Studio,active,,Taş mozaik.
13,ÇİNGENE KIZ 2,Sol Duvar,Taş,30*20,50,2500,Mozaik,ALAN Art Studio,active,,Taş mozaik.
14,ÖLÜM MOZAİĞİ,Sol Duvar,Doğal Malzeme,36*30,150,7500,Mozaik,ALAN Art Studio,active,,
15,HAYAT AĞACI 1,Sol Duvar,"Doğal taş, Taştan, Taş",Çapı 40,240,12000,Mozaik,ALAN Art Studio,active,,Doğal taştan mozaik.
16,HAYAT AĞACI 2,Sol Duvar,"Doğal taş, Taştan, Taş",Çapı 28,140,7000,Mozaik,ALAN Art Studio,active,,Doğal taştan mozaik.
17,HAYAT AĞACI 3,Sol Duvar,"Doğal taş, Taştan, Taş",Çapı 32,100,5000,Mozaik,ALAN Art Studio,active,,Doğal taştan mozaik.
18,OKEANOS DENİZ TANRISI,Sol Duvar,"Taştan, Taş",1000*60,1300,65000,Mozaik,ALAN Art Studio,active,,
19,OKEANOS VE TETHYS,Sol Duvar,"Doğal taş, Taştan, Taş",89*64,0,65000,Mozaik,ALAN Art Studio,active,,
20,ANTİK SAVAŞÇI,Sol Duvar,Mermer,27 cm,0,2500,Mozaik,ALAN Art Studio,active,,
21,BÜYÜK ZEYTİN DALI,Sol Duvar,Mermer,78*30,0,7500,Mozaik,ALAN Art Studio,active,,
22,MERYEM VE OĞLU İSA,Sol Duvar,"Taştan, Taş",78*68,1000,50000,Mozaik,ALAN Art Studio,active,,
23,İSA SON NEFES,Sol Duvar,Cam,37*40,200,10000,Mozaik,ALAN Art Studio,active,,
24,ZEYTİN DALI ÜÇLEMESİ 1,Sol Duvar,"Taştan, Taş",42*30,100,5000,Mozaik,ALAN Art Studio,active,,Taştan mozaik çalışması.
25,ZEYTİN DALI ÜÇLEMESİ 2,Sol Duvar,"Taştan, Taş",30*21,60,3000,Mozaik,ALAN Art Studio,active,,Taştan mozaik çalışması.
26,MEDUSA 1,Sol Duvar,Mermer,80 cm çap,1200,60000,Mozaik,ALAN Art Studio,active,,Mermerden mozaik
27,MEDUSA 2,Sol Duvar,Mermer,25 cm çap,120,6000,Mozaik,ALAN Art Studio,active,,Mermerden mozaik
28,KUŞLAR,Sol Duvar,Suluboya,25*25,75,4000,Mozaik,ALAN Art Studio,active,,
29,KARTAL,Sol Duvar,"Cam, Vitray",23*32,100,5000,Mozaik,ALAN Art Studio,active,,
30,AFGAN KIZI,Sol Duvar,"Doğal taş, Taştan, Taş",30*40,150,7500,Mozaik,ALAN Art Studio,active,,
31,"SAĞLIK, YAŞAM, NEŞE, HUZUR, KEYİF, UMUT MOZAİĞİ",Sol Duvar,"Doğal taş, Taştan, Taş",92*95,1300,65000,Mozaik,ALAN Art Studio,active,,
32,TRAGEDYA MASKESİ,"Bar Altı, Yer, Sokak","Taştan, Taş",65*53,800,40000,Mozaik,ALAN Art Studio,active,,
33,SİLENOS,"Bar Altı, Yer, Sokak","Taştan, Taş",62*62,0,40000,Mozaik,ALAN Art Studio,active,,
34,SERBEST KADIN ÇALIŞMASI,"Bar Altı, Yer, Sokak","Taştan, Taş",54*64,800,40000,Mozaik,ALAN Art Studio,active,,
35,KISKANANLAR ÇATLASIN MOZAİĞİ,"Bar Altı, Yer, Sokak","Taştan, Taş",50*50,300,15000,Mozaik,ALAN Art Studio,active,,
36,HAYAT AĞACI KOLEKTİF ÇALIŞMA,"Bar Altı, Yer, Sokak","Taş, Seramik, Kum",52 cm,0,15000,Mozaik,ALAN Art Studio,active,,
37,RENKLİ KEDİ,"Bar Altı, Yer, Sokak",Cam,37*55,0,6000,Mozaik,ALAN Art Studio,active,,
38,ŞARAP TANRISI’NIN DANSÇILARI,"Bar Altı, Yer, Sokak",Taş,98*78,0,75000,Mozaik,ALAN Art Studio,active,,
39,SERBEST KADIN PORTRE,"Bar Altı, Yer, Sokak","Taştan, Taş",54*64,800,40000,Mozaik,ALAN Art Studio,active,,
40,MOZAİKTEN ATATÜRK,Sağ Duvar,"Doğal taş, Taş",83*55,1000,50000,Mozaik,ALAN Art Studio,active,,
41,ÇERÇEVELİ ZEYTİN DALI,Sağ Duvar,"Taştan, Taş",42*33,120,6000,Mozaik,ALAN Art Studio,active,,
42,42*30 cm yenmiş balık mozaiği,Sağ Duvar,Doğal Malzeme,,130,6500,Mozaik,ALAN Art Studio,active,,
43,42*24 cm iskorpit mozaik,Sağ Duvar,Doğal Malzeme,,120,6000,Mozaik,ALAN Art Studio,active,,
44,Antik balık 1 42*18 cm,Sağ Duvar,Doğal Malzeme,,120,6000,Mozaik,ALAN Art Studio,active,,
45,Antik balık 2 34*22 cm,Sağ Duvar,Doğal Malzeme,,100,5000,Mozaik,ALAN Art Studio,active,,
46,Antik balık 3 30*20 cm,Sağ Duvar,Doğal Malzeme,,100,5000,Mozaik,ALAN Art Studio,active,,
47,ATLAR,Sağ Duvar,"Cam, Vitray",54*74,1000,50000,Mozaik,ALAN Art Studio,active,,
48,ÇERÇEVELİ KURT,Sağ Duvar,"Taş, Cam, Vitray",56*41,600,30000,Mozaik,ALAN Art Studio,active,,
49,ASLAN,Sağ Duvar,"Cam, Vitray",46*35,200,10000,Mozaik,ALAN Art Studio,active,,
50,TİLKİ,Sağ Duvar,"Cam, Vitray",35*26,150,7500,Mozaik,ALAN Art Studio,active,,
51,KAPLAN,Sağ Duvar,"Doğal taş, Taş",41*29,100,5000,Mozaik,ALAN Art Studio,active,,
52,İNCİ KÜPELİ KIZ,Sağ Duvar,"Doğal taş, Taştan, Taş",74*59,700,35000,Mozaik,ALAN Art Studio,active,,
53,BAYKUŞ,Sağ Duvar,"Cam, Vitray",42*30,0,7500,Mozaik,ALAN Art Studio,active,,
54,PARS,Sağ Duvar,"Cam, Vitray",42*30,150,7500,Mozaik,ALAN Art Studio,active,,
55,KADIN,Sağ Duvar,"Taştan, Taş",69*53,500,25000,Mozaik,ALAN Art Studio,active,,
56,ÇİÇEKLİ VAZO,Sağ Duvar,"Mermer, Taş, Kabartmalı",60*40,300,15000,Mozaik,ALAN Art Studio,active,,
57,ÇOCUK,Sağ Duvar,Mermer,72*34,0,20000,Mozaik,ALAN Art Studio,active,,
58,KEDİ,Sağ Duvar,"Taştan, Taş",40*30,150,7500,Mozaik,ALAN Art Studio,active,,
59,DENİZ ve KADIN,Sağ Duvar,"Doğal taş, Taştan, Taş",42*27,0,7500,Mozaik,ALAN Art Studio,active,,
60,KÜBİZM YORUMLU RENKLİ ÇALIŞMA,Sağ Duvar,Cam,55*30,150,7500,Mozaik,ALAN Art Studio,active,,
61,RENKLİ BALIKLAR,Sağ Duvar,Cam,42*30,100,5000,Mozaik,ALAN Art Studio,active,,
62,KEDİ ve KÖPEK,Sağ Duvar,Cam,52*40,120,6000,Mozaik,ALAN Art Studio,active,,
63,DALDAKİ KUŞ,Antre,Taş,30*37,130,6500,Mozaik,ALAN Art Studio,active,,
64,UÇAN KUŞ,Antre,Taş,38*30,0,6500,Mozaik,ALAN Art Studio,active,,
65,AMFITRITI,Antre,Doğal Malzeme,107*82,1200,60000,Mozaik,ALAN Art Studio,active,,
66,CAN YÜCEL KARİKATÜR,Antre,"Doğal taş, Taştan, Taş",40*50,200,10000,Mozaik,ALAN Art Studio,active,,
67,CHE SİLÜETİ,Antre,"Cam, Boyama",43*32,0,6500,Mozaik,ALAN Art Studio,active,,
68,NÜ  KADIN,Antre,"Cam, Seramik",42*30,150,6500,Mozaik,ALAN Art Studio,active,,
69,BAYKUŞ,Antre,Cam,36*22,0,5000,Mozaik,ALAN Art Studio,active,,
70,FİLAMİNGO,Antre,Cam,43*30,0,7500,Mozaik,ALAN Art Studio,active,,
71,KEDİ,Antre,Cam,30*30,130,6500,Mozaik,ALAN Art Studio,active,,
72,KUBİST AKIMININA UYGUN KADIN,Antre,Cam,35*30,130,6500,Mozaik,ALAN Art Studio,active,,
73,KARA KEDİ,Antre,Cam,38*25,50,2500,Mozaik,ALAN Art Studio,active,,
74,RENKLİ BALIK,Antre,Taş,37*26,130,6500,Mozaik,ALAN Art Studio,active,,
75,RENKLİ BAYKUŞ,Antre,Cam,42 cm,200,10000,Mozaik,ALAN Art Studio,active,,
76,KEDİ ve FARE,Antre,Taş,52*39,250,12500,Mozaik,ALAN Art Studio,active,,
77,HOROZ,Antre,Taş,35*26,150,7500,Mozaik,ALAN Art Studio,active,,
78,AFRİKALI KADIN,Antre,Taş,56*41,130,6500,Mozaik,ALAN Art Studio,active,,
79,EROS’UN YUNUSU,Antre,Taş,40*40,130,6500,Mozaik,ALAN Art Studio,active,,
80,RENKLİ GÖZ,Antre,Taş,42*30,150,7500,Mozaik,ALAN Art Studio,active,,
81,RENKLİ AT,Tuvalet,Cam,49*49,200,10000,Mozaik,ALAN Art Studio,active,,
82,LAVOBO AYNASI,Tuvalet,Cam,Çap 52,200,10000,Mozaik,ALAN Art Studio,active,,
83,MAKYAJ AYNASI,Tuvalet,Cam,31*92,200,10000,Mozaik,ALAN Art Studio,active,,
84,MAVİ NÜ,Tuvalet,Cam,42*25,150,7500,Mozaik,ALAN Art Studio,active,,
85,KADIN YÜZÜ,Tuvalet,Cam,59*41,200,10000,Mozaik,ALAN Art Studio,active,,
86,SİYAH FON ÜZERİNE KADIN FİGÜRÜ,Tuvalet,Cam,41*23,130,6500,Mozaik,ALAN Art Studio,active,,
87,DENİZ KABUĞU,Tuvalet,Cam,50*47,200,10000,Mozaik,ALAN Art Studio,active,,
88,KADIN VE GECE BULUŞMASI,Tuvalet,"Cam, Boyama",29*22,100,5000,Mozaik,ALAN Art Studio,active,,
89,AFRİKA BOYAMA,Tuvalet,"Cam, Boyama",38*31,100,5000,Mozaik,ALAN Art Studio,active,,
